Workbook

Sheet 2026.01
A1: Összevont blokkolások | E1: kimutatás | N1: nap | O1: rendes midő óra | P1: rendes midő
A2: A lista 2026-01-01-tól 2026-01-13-ig tartalmaz adatokat. Eltérés lehetséges a valós blokkolás és a lista között! | N2: H | O2: 0.41666667 | P2: 8:00-18:00
A3: Név | B3: Dátum | C3: Érkezés | D3: Távozás | E3: összesen óra | F3: kell (napi szerint) | G3: kell (mnap szerint) | H3: plusz/mínusz napihoz képest | J3: mnap | K3: midő végéhez képest + | L3: miért | N3: K | O3: 0.33333333 | P3: 8:00-16:00
A4: dr. Kovács Anna | B4: 46024 | E4: =D4-C4 -> 0 | F4: 0 | G4: 0 | H4: =E4-F4 -> 0 | J4: H | L4: PN | N4: SZ | O4: 0.35416667 | P4: 8:00-16:30
A5: dr. Kovács Anna | B5: 46027 | C5: 0.33333333 | D5: 0.75 | E5: =D5-C5 -> 0.41666667 | F5: 0.41666667 | G5: 0.33333333 | H5: =E5-F5 -> 0 | J5: K | L5: FSZ | N5: CS | O5: 0.33333333 | P5: 8:00-16:00
A6: dr. Kovács Anna | B6: 46028 | C6: 0.32023148 | D6: 0.68141204 | E6: =D6-C6 -> 0.36118056 | F6: 0.33333333 | G6: 0.33333333 | H6: =E6-F6 -> 0.027847222 | J6: SZ | N6: P | O6: 0.22916667 | P6: 8:00-13:30
A7: dr. Kovács Anna | B7: 46029 | C7: 0.33835648 | D7: 0.69481481 | E7: =D7-C7 -> 0.35645833 | F7: 0.35416667 | G7: 0.33333333 | H7: =E7-F7 -> 0.0022916667 | J7: CS
A8: dr. Kovács Anna | B8: 46030 | C8: 0.33607639 | D8: 0.66827546 | E8: =D8-C8 -> 0.33219907 | F8: 0.33333333 | G8: 0.33333333 | H8: =E8-F8 -> -0.0011342593 | J8: P
A9: dr. Kovács Anna | B9: 46031 | C9: 0.33130787 | D9: 0.75329861 | E9: =D9-C9 -> 0.42199074 | F9: 0.41666667 | G9: 0.33333333 | H9: =E9-F9 -> 0.0053240741 | J9: H | L9: 01.02 mnap áthelyezés miatt 18:00-ig
A10: MNAP ÁTH | B10: 46032 | E10: =D10-C10 -> 0 | F10: 0 | G10: 0.33333333 | H10: =E10-F10 -> 0 | J10: K | L10: 01.02 miatt
A11: dr. Kovács Anna | B11: 46034 | C11: 0.33251157 | D11: 0.75815972 | E11: =D11-C11 -> 0.42564815 | F11: 0.41666667 | G11: 0.33333333 | H11: =E11-F11 -> 0.0089814815 | J11: SZ
A12: dr. Kovács Anna | B12: 46035 | C12: 0.40570602 | D12: 0.67178241 | E12: =D12-C12 -> 0.26607639 | F12: 0.33333333 | G12: 0.33333333 | H12: =E12-F12 -> -0.067256944 | J12: CS
A13: dr. Kovács Anna | B13: 46036 | C13: 0.3237963 | D13: 0.7293287 | E13: =D13-C13 -> 0.40553241 | F13: 0.35416667 | G13: 0.33333333 | H13: =E13-F13 -> 0.051365741 | J13: P
A14: dr. Kovács Anna | B14: 46037 | C14: 0.33248843 | D14: 0.68135417 | E14: =D14-C14 -> 0.34886574 | F14: 0.33333333 | G14: 0.33333333 | H14: =E14-F14 -> 0.015532407 | J14: Szo
A15: dr. Kovács Anna | B15: 46038 | C15: 0.32550926 | D15: 0.57340278 | E15: =D15-C15 -> 0.24789352 | F15: 0.22916667 | G15: 0.33333333 | H15: =E15-F15 -> 0.018726852 | J15: H
A16: dr. Kovács Anna | B16: 46041 | C16: 0.3305787 | D16: 0.75771991 | E16: =D16-C16 -> 0.4271412 | F16: 0.41666667 | G16: 0.33333333 | H16: =E16-F16 -> 0.010474537 | J16: K
A17: dr. Kovács Anna | B17: 46042 | C17: 0.33042824 | D17: 0.68480324 | E17: =D17-C17 -> 0.354375 | F17: 0.33333333 | G17: 0.33333333 | H17: =E17-F17 -> 0.021041667 | J17: SZ
A18: dr. Kovács Anna | B18: 46043 | C18: 0.43138889 | D18: 0.73263889 | E18: =D18-C18 -> 0.30125 | F18: 0.35416667 | G18: 0.33333333 | H18: =E18-F18 -> -0.052916667 | J18: CS
A19: dr. Kovács Anna | B19: 46044 | C19: 0.33041667 | D19: 0.66960648 | E19: =D19-C19 -> 0.33918981 | F19: 0.33333333 | G19: 0.33333333 | H19: =E19-F19 -> 0.0058564815 | J19: P
A20: dr. Kovács Anna | B20: 46045 | C20: 0.32907407 | D20: 0.56886574 | E20: =D20-C20 -> 0.23979167 | F20: 0.22916667 | G20: 0.33333333 | H20: =E20-F20 -> 0.010625 | J20: H
A21: dr. Kovács Anna | B21: 46048 | C21: 0.33042824 | D21: 0.75086806 | E21: =D21-C21 -> 0.42043981 | F21: 0.41666667 | G21: 0.33333333 | H21: =E21-F21 -> 0.0037731481 | J21: K
A22: dr. Kovács Anna | B22: 46049 | C22: 0.33065972 | D22: 0.66934028 | E22: =D22-C22 -> 0.33868056 | F22: 0.33333333 | G22: 0.33333333 | H22: =E22-F22 -> 0.0053472222 | J22: SZ
... A25: dr. Kovács Anna | B25: 46052 | C25: 0.34149306 | D25: 0.57497685 | E25: =D25-C25 -> 0.2334838 | F25: 0.22916667 | G25: 0.33333333 | H25: =E25-F25 -> 0.0043171296 | J25: H
A26: összesen | E26: =SUM(E4:E24) -> 6.7383102 | F26: =SUM(F4:F25) -> 6.8541667 | G26: =SUM(G4:G25) -> 7 | H26: =SUM(H4:H25) -> 0.11762731
A27: összesen előzővel | H27: =H26 -> 0.11762731

Sheet 2026.02
A1: Összevont blokkolások | E1: kimutatás | N1: nap | O1: rendes midő óra | P1: rendes midő | Q1: helyette óra | R1: helyette midő (nincs jegyzői, Kata OK)
A2: A lista 2026-02-01-tól 2026-02-28-ig tartalmaz adatokat. Eltérés lehetséges a valós blokkolás és a lista között! | N2: H | O2: 0.41666667 | P2: 8:00-18:00 | Q2: 0.375 | R2: 8:00-17:00
A3: Név | B3: Dátum | C3: Érkezés | D3: Távozás | E3: összesen óra | F3: kell (napi szerint) | G3: kell (mnap szerint) | H3: plusz/mínusz napihoz képest | J3: mnap | K3: midő végéhez képest + | L3: miért | N3: K | O3: 0.33333333 | P3: 8:00-16:00 | Q3: 0.35416667 | R3: 8:00-16:30
A4: Dr. Kovács Anna | B4: 46055 | C4: 0.33333333 | D4: 0.75 | E4: =D4-C4 -> 0.41666667 | F4: 0.41666667 | G4: 0.33333333 | H4: =E4-F4 -> 0 | J4: H | L4: FSZ | N4: SZ | O4: 0.35416667 | P4: 8:00-16:30 | Q4: 0.35416667 | R4: 8:00-16:30
A5: Dr. Kovács Anna | B5: 46056 | C5: 0.33262731 | D5: 0.66931713 | E5: =D5-C5 -> 0.33668981 | F5: 0.33333333 | G5: 0.33333333 | H5: =E5-F5 -> 0.0033564815 | J5: K | N5: CS | O5: 0.33333333 | P5: 8:00-16:00 | Q5: 0.35416667 | R5: 8:00-16:30
A6: Dr. Kovács Anna | B6: 46057 | C6: 0.331875 | D6: 0.73300926 | E6: =D6-C6 -> 0.40113426 | F6: 0.35416667 | G6: 0.33333333 | H6: =E6-F6 -> 0.046967593 | J6: SZ | N6: P | O6: 0.22916667 | P6: 8:00-13:30 | Q6: 0.22916667 | R6: 8:00-13:30
A7: Dr. Kovács Anna | B7: 46058 | C7: 0.33237269 | D7: 0.69458333 | E7: =D7-C7 -> 0.36221065 | F7: 0.33333333 | G7: 0.33333333 | H7: =E7-F7 -> 0.028877315 | J7: CS
A8: Dr. Kovács Anna | B8: 46059 | C8: 0.33252315 | D8: 0.57186343 | E8: =D8-C8 -> 0.23934028 | F8: 0.22916667 | G8: 0.33333333 | H8: =E8-F8 -> 0.010173611 | J8: P
A9: Dr. Kovács Anna | B9: 46062 | C9: 0.33239583 | D9: 0.75271991 | E9: =D9-C9 -> 0.42032407 | F9: 0.41666667 | G9: 0.33333333 | H9: =E9-F9 -> 0.0036574074 | J9: H
A10: Dr. Kovács Anna | B10: 46063 | C10: 0.42155093 | D10: 0.66788194 | E10: =D10-C10 -> 0.24633102 | F10: 0.33333333 | G10: 0.33333333 | H10: =E10-F10 -> -0.087002315 | J10: K
A11: Dr. Kovács Anna | B11: 46064 | C11: 0.33871528 | D11: 0.733125 | E11: =D11-C11 -> 0.39440972 | F11: 0.35416667 | G11: 0.33333333 | H11: =E11-F11 -> 0.040243056 | J11: SZ
A12: Dr. Kovács Anna | B12: 46065 | C12: 0.32688657 | D12: 0.68059028 | E12: =D12-C12 -> 0.3537037 | F12: 0.33333333 | G12: 0.33333333 | H12: =E12-F12 -> 0.02037037 | J12: CS
A13: Dr. Kovács Anna | B13: 46066 | C13: 0.33030093 | D13: 0.57216435 | E13: =D13-C13 -> 0.24186343 | F13: 0.22916667 | G13: 0.33333333 | H13: =E13-F13 -> 0.012696759 | J13: P
A14: Dr. Kovács Anna | B14: 46069 | C14: 0.3324537 | D14: 0.75322917 | E14: =D14-C14 -> 0.42077546 | F14: 0.41666667 | G14: 0.33333333 | H14: =E14-F14 -> 0.0041087963 | J14: H
A15: Dr. Kovács Anna | B15: 46070 | C15: 0.33047454 | D15: 0.6718287 | E15: =D15-C15 -> 0.34135417 | F15: 0.33333333 | G15: 0.33333333 | H15: =E15-F15 -> 0.0080208333 | J15: K
A16: Dr. Kovács Anna | B16: 46071 | C16: 0.33318287 | D16: 0.68189815 | E16: =D16-C16 -> 0.34871528 | F16: 0.35416667 | G16: 0.33333333 | H16: =E16-F16 -> -0.0054513889 | J16: SZ
A17: Dr. Kovács Anna | B17: 46072 | C17: 0.33108796 | D17: 0.67469907 | E17: =D17-C17 -> 0.34361111 | F17: 0.33333333 | G17: 0.33333333 | H17: =E17-F17 -> 0.010277778 | J17: CS
A18: Dr. Kovács Anna | B18: 46073 | C18: 0.33372685 | D18: 0.57658565 | E18: =D18-C18 -> 0.2428588 | F18: 0.22916667 | G18: 0.33333333 | H18: =E18-F18 -> 0.01369213 | J18: P
... A23: Dr. Kovács Anna | B23: 46080 | C23: 0.3262037 | D23: 0.57060185 | E23: =D23-C23 -> 0.24439815 | F23: 0.22916667 | G23: 0.33333333 | H23: =E23-F23 -> 0.015231481 | J23: P
A24: összesen | E24: =SUM(E4:E23) -> 6.7440162 | F24: =SUM(F4:F23) -> 6.6666667 | G24: =SUM(G4:G23) -> 6.6666667 | H24: =SUM(H4:H23) -> 0.077349537
A25: összesen előzővel | H25: =H24+'2026.01'!H27 -> 0.19497685

Sheet 2026. 03.
A1: Összevont blokkolások | E1: kimutatás | N1: nap | O1: rendes midő óra | P1: rendes midő | Q1: helyette óra | R1: helyette midő (nincs jegyzői, Kata OK)
A2: A lista 2026-03-01-tól 2026-03-31-ig tartalmaz adatokat. Eltérés lehetséges a valós blokkolás és a lista között! | N2: H | O2: 0.41666667 | P2: 8:00-18:00 | Q2: 0.375 | R2: 8:00-17:00
A3: Név | B3: Dátum | C3: Érkezés | D3: Távozás | E3: összesen óra | F3: kell (napi szerint) | G3: kell (mnap szerint) | H3: plusz/mínusz napihoz képest | J3: mnap | K3: midő végéhez képest + | L3: miért | N3: K | O3: 0.33333333 | P3: 8:00-16:00 | Q3: 0.35416667 | R3: 8:00-16:30
A4: Dr. Kovács Anna | B4: 46083 | C4: 0.33940972 | D4: 0.71081019 | E4: =D4-C4 -> 0.37140046 | F4: 0.41666667 | G4: 0.33333333 | H4: =E4-F4 -> -0.045266204 | J4: H | L4: FSZ | N4: SZ | O4: 0.35416667 | P4: 8:00-16:30 | Q4: 0.35416667 | R4: 8:00-16:30
A5: Dr. Kovács Anna | B5: 46084 | C5: 0.33305556 | D5: 0.6972338 | E5: =D5-C5 -> 0.36417824 | F5: 0.33333333 | G5: 0.33333333 | H5: =E5-F5 -> 0.030844907 | J5: K | N5: CS | O5: 0.33333333 | P5: 8:00-16:00 | Q5: 0.35416667 | R5: 8:00-16:30
A6: Dr. Kovács Anna | B6: 46085 | C6: 0.33373843 | D6: 0.73100694 | E6: =D6-C6 -> 0.39726852 | F6: 0.35416667 | G6: 0.33333333 | H6: =E6-F6 -> 0.043101852 | J6: SZ | N6: P | O6: 0.22916667 | P6: 8:00-13:30 | Q6: 0.22916667 | R6: 8:00-13:30
A7: Dr. Kovács Anna | B7: 46086 | C7: 0.33719907 | D7: 0.66795139 | E7: =D7-C7 -> 0.33075231 | F7: 0.33333333 | G7: 0.33333333 | H7: =E7-F7 -> -0.0025810185 | J7: CS
A8: Dr. Kovács Anna | B8: 46087 | C8: 0.33719907 | D8: 0.5625 | E8: =D8-C8 -> 0.22530093 | F8: 0.22916667 | G8: 0.33333333 | H8: =E8-F8 -> -0.0038657407 | J8: P
A9: Dr. Kovács Anna | B9: 46090 | C9: 0.33721065 | D9: 0.75384259 | E9: =D9-C9 -> 0.41663194 | F9: 0.41666667 | G9: 0.33333333 | H9: =E9-F9 -> -3.4722222e-05 | J9: H
A10: Dr. Kovács Anna | B10: 46091 | C10: 0.32337963 | D10: 0.6719213 | E10: =D10-C10 -> 0.34854167 | F10: 0.33333333 | G10: 0.33333333 | H10: =E10-F10 -> 0.015208333 | J10: K
A11: Dr. Kovács Anna | B11: 46092 | C11: 0.33204861 | D11: 0.67038194 | E11: =D11-C11 -> 0.33833333 | F11: 0.35416667 | G11: 0.33333333 | H11: =E11-F11 -> -0.015833333 | J11: SZ
A12: Dr. Kovács Anna | B12: 46093 | C12: 0.32693287 | D12: 0.67023148 | E12: =D12-C12 -> 0.34329861 | F12: 0.33333333 | G12: 0.33333333 | H12: =E12-F12 -> 0.0099652778 | J12: CS
A13: Dr. Kovács Anna | B13: 46094 | C13: 0.33333333 | D13: 0.57512731 | E13: =D13-C13 -> 0.24179398 | F13: 0.22916667 | G13: 0.33333333 | H13: =E13-F13 -> 0.012627315 | J13: P
A14: Dr. Kovács Anna | B14: 46097 | C14: 0.3325 | D14: 0.75207176 | E14: =D14-C14 -> 0.41957176 | F14: 0.41666667 | G14: 0.33333333 | H14: =E14-F14 -> 0.0029050926 | J14: H
A15: Dr. Kovács Anna | B15: 46098 | C15: 0.33027778 | D15: 0.67211806 | E15: =D15-C15 -> 0.34184028 | F15: 0.33333333 | G15: 0.33333333 | H15: =E15-F15 -> 0.0085069444 | J15: K
A16: Dr. Kovács Anna | B16: 46099 | C16: 0.33167824 | D16: 0.6908912 | E16: =D16-C16 -> 0.35921296 | F16: 0.35416667 | G16: 0.33333333 | H16: =E16-F16 -> 0.0050462963 | J16: SZ
A17: Dr. Kovács Anna | B17: 46100 | C17: 0.33039352 | D17: 0.68099537 | E17: =D17-C17 -> 0.35060185 | F17: 0.33333333 | G17: 0.33333333 | H17: =E17-F17 -> 0.017268519 | J17: CS
A18: Dr. Kovács Anna | B18: 46101 | C18: 0.33038194 | D18: 0.50452546 | E18: =D18-C18 -> 0.17414352 | F18: 0.22916667 | G18: 0.33333333 | H18: =E18-F18 -> -0.055023148 | J18: P
... A25: Dr. Kovács Anna | B25: 46112 | C25: 0.29259259 | D25: 0.68756944 | E25: =D25-C25 -> 0.39497685 | F25: 0.33333333 | G25: 0.33333333 | H25: =E25-F25 -> 0.061643519 | J25: K
A26: összesen | E26: =SUM(E4:E25) -> 7.4656944 | F26: =SUM(F4:F25) -> 7.4166667 | G26: =SUM(G4:G25) -> 7.3333333 | H26: =SUM(H4:H25) -> 0.049027778
A27: összesen előzővel | H27: =H26+'2026.02'!H25 -> 0.24400463

Sheet 2026. 04.
A1: Összevont blokkolások | E1: kimutatás | N1: nap | O1: rendes midő óra | P1: rendes midő | Q1: helyette óra | R1: helyette midő (nincs jegyzői, Kata OK)
A2: A lista 2026-04-01-tól 2026-04-30-ig tartalmaz adatokat. Eltérés lehetséges a valós blokkolás és a lista között! | N2: H | O2: 0.41666667 | P2: 8:00-18:00 | Q2: 0.375 | R2: 8:00-17:00
A3: Név | B3: Dátum | C3: Érkezés | D3: Távozás | E3: összesen óra | F3: kell (napi szerint) | G3: kell (mnap szerint) | H3: plusz/mínusz napihoz képest | J3: mnap | K3: midő végéhez képest + | L3: miért | N3: K | O3: 0.33333333 | P3: 8:00-16:00 | Q3: 0.35416667 | R3: 8:00-16:30
A4: Kovács Anna | B4: 46113 | C4: 0.33791667 | D4: 0.67001157 | E4: =D4-C4 -> 0.33209491 | F4: 0.35416667 | G4: 0.33333333 | H4: =E4-F4 -> -0.022071759 | J4: SZ | N4: SZ | O4: 0.35416667 | P4: 8:00-16:30 | Q4: 0.35416667 | R4: 8:00-16:30
A5: Kovács Anna | B5: 46114 | C5: 0.33170139 | D5: 0.59759259 | E5: =D5-C5 -> 0.2658912 | F5: 0.33333333 | G5: 0.33333333 | H5: =E5-F5 -> -0.06744213 | J5: CS | N5: CS | O5: 0.33333333 | P5: 8:00-16:00 | Q5: 0.35416667 | R5: 8:00-16:30
A6: Kovács Anna | B6: 46115 | E6: =D6-C6 -> 0 | F6: 0 | G6: 0 | H6: =E6-F6 -> 0 | J6: P | L6: HÚSVÉT | N6: P | O6: 0.22916667 | P6: 8:00-13:30 | Q6: 0.22916667 | R6: 8:00-13:30
A7: Kovács Anna | B7: 46118 | E7: =D7-C7 -> 0 | F7: 0 | G7: 0 | H7: =E7-F7 -> 0 | J7: H | L7: HÚSVÉT
A8: Kovács Anna | B8: 46119 | C8: 0.33864583 | D8: 0.66708333 | E8: =D8-C8 -> 0.3284375 | F8: 0.33333333 | G8: 0.33333333 | H8: =E8-F8 -> -0.0048958333 | J8: K | L8: FSZ
A9: Kovács Anna | B9: 46120 | C9: 0.33234954 | D9: 0.68083333 | E9: =D9-C9 -> 0.3484838 | F9: 0.35416667 | G9: 0.33333333 | H9: =E9-F9 -> -0.0056828704 | J9: SZ | L9: FSZ
A10: Kovács Anna | B10: 46121 | C10: 0.33244213 | D10: 0.67466435 | E10: =D10-C10 -> 0.34222222 | F10: 0.33333333 | G10: 0.33333333 | H10: =E10-F10 -> 0.0088888889 | J10: CS | L10: FSZ
A11: Kovács Anna | B11: 46122 | C11: 0.33186343 | D11: 0.56126157 | E11: =D11-C11 -> 0.22939815 | F11: 0.22916667 | G11: 0.33333333 | H11: =E11-F11 -> 0.00023148148 | J11: P | L11: FSZ
A12: Kovács Anna | B12: 46125 | C12: 0.33333333 | D12: 0.75 | E12: =D12-C12 -> 0.41666667 | F12: 0.41666667 | G12: 0.33333333 | H12: =E12-F12 -> 0 | J12: H
A13: Kovács Anna | B13: 46126 | C13: 0.33243056 | D13: 0.6803588 | E13: =D13-C13 -> 0.34792824 | F13: 0.33333333 | G13: 0.33333333 | H13: =E13-F13 -> 0.014594907 | J13: K
A14: Kovács Anna | B14: 46127 | C14: 0.3390162 | D14: 0.69263889 | E14: =D14-C14 -> 0.35362269 | F14: 0.35416667 | G14: 0.33333333 | H14: =E14-F14 -> -0.00054398148 | J14: SZ
A15: Kovács Anna | B15: 46128 | C15: 0.34208333 | D15: 0.67951389 | E15: =D15-C15 -> 0.33743056 | F15: 0.33333333 | G15: 0.33333333 | H15: =E15-F15 -> 0.0040972222 | J15: CS
A16: Kovács Anna | B16: 46129 | C16: 0.33305556 | D16: 0.5725463 | E16: =D16-C16 -> 0.23949074 | F16: 0.22916667 | G16: 0.33333333 | H16: =E16-F16 -> 0.010324074 | J16: P
A17: Kovács Anna | B17: 46132 | C17: 0.3337963 | D17: 0.70070602 | E17: =D17-C17 -> 0.36690972 | F17: 0.41666667 | G17: 0.33333333 | H17: =E17-F17 -> -0.049756944 | J17: H
A18: Kovács Anna | B18: 46133 | C18: 0.33465278 | D18: 0.61028935 | E18: =D18-C18 -> 0.27563657 | F18: 0.33333333 | G18: 0.33333333 | H18: =E18-F18 -> -0.057696759 | J18: K
A19: Kovács Anna | B19: 46134 | C19: 0.33106481 | D19: 0.69572917 | E19: =D19-C19 -> 0.36466435 | F19: 0.35416667 | G19: 0.33333333 | H19: =E19-F19 -> 0.010497685 | J19: SZ
A20: Kovács Anna | B20: 46135 | C20: 0.33333333 | D20: 0.66666667 | E20: =D20-C20 -> 0.33333333 | F20: 0.33333333 | G20: 0.33333333 | H20: =E20-F20 -> 0 | J20: CS
A21: Kovács Anna | B21: 46136 | C21: 0.33333333 | D21: 0.5625 | E21: =D21-C21 -> 0.22916667 | F21: 0.22916667 | G21: 0.33333333 | H21: =E21-F21 -> 0 | J21: P
A22: Kovács Anna | B22: 46139 | C22: 0.33306713 | D22: 0.7503588 | E22: =D22-C22 -> 0.41729167 | F22: 0.41666667 | G22: 0.33333333 | H22: =E22-F22 -> 0.000625 | J22: H
A23: Kovács Anna | B23: 46140 | C23: 0.33373843 | D23: 0.6690162 | E23: =D23-C23 -> 0.33527778 | F23: 0.33333333 | G23: 0.33333333 | H23: =E23-F23 -> 0.0019444444 | J23: K
... A25: Kovács Anna | B25: 46142 | C25: 0.33737269 | D25: 0.6691088 | E25: =D25-C25 -> 0.33173611 | F25: 0.33333333 | G25: 0.33333333 | H25: =E25-F25 -> -0.0015972222 | J25: CS
A26: Kovács Anna | E26: =SUM(E4:E25) -> 6.5487847 | F26: =SUM(F4:F25) -> 6.7083333 | G26: =SUM(G4:G25) -> 6.6666667 | H26: =SUM(H4:H25) -> -0.15954861
A27: összesen előzővel | H27: =H26+'2026. 03.'!H27 -> 0.084456019

Sheet 2026.05
A1: Összevont blokkolások | E1: kimutatás | N1: nap | O1: rendes midő óra | P1: rendes midő | Q1: helyette óra | R1: helyette midő (nincs jegyzői, Kata OK)
A2: A lista 2026-04-01-tól 2026-04-30-ig tartalmaz adatokat. Eltérés lehetséges a valós blokkolás és a lista között! | N2: H | O2: 0.41666667 | P2: 8:00-18:00 | Q2: 0.375 | R2: 8:00-17:00
A3: Név | B3: Dátum | C3: Érkezés | D3: Távozás | E3: összesen óra | F3: kell (napi szerint) | G3: kell (mnap szerint) | H3: plusz/mínusz napihoz képest | J3: mnap | K3: midő végéhez képest + | L3: miért | N3: K | O3: 0.33333333 | P3: 8:00-16:00 | Q3: 0.35416667 | R3: 8:00-16:30
A4: Kovács Anna | B4: 46143 | E4: =D4-C4 -> 0 | F4: 0 | G4: 0 | H4: =E4-F4 -> 0 | J4: P | L4: ÜNNEP | N4: SZ | O4: 0.35416667 | P4: 8:00-16:30 | Q4: 0.35416667 | R4: 8:00-16:30
A5: Kovács Anna | B5: 46146 | C5: 0.33333333 | D5: 0.75 | E5: =D5-C5 -> 0.41666667 | F5: 0.41666667 | G5: 0.33333333 | H5: =E5-F5 -> 0 | J5: H | K5: szabadság | N5: CS | O5: 0.33333333 | P5: 8:00-16:00 | Q5: 0.35416667 | R5: 8:00-16:30
A6: Kovács Anna | B6: 46147 | C6: 0.33729167 | D6: 0.66825231 | E6: =D6-C6 -> 0.33096065 | F6: 0.33333333 | G6: 0.33333333 | H6: =E6-F6 -> -0.0023726852 | J6: K | N6: P | O6: 0.22916667 | P6: 8:00-13:30 | Q6: 0.22916667 | R6: 8:00-13:30
A7: Kovács Anna | B7: 46148 | C7: 0.33520833 | D7: 0.71091435 | E7: =D7-C7 -> 0.37570602 | F7: 0.35416667 | G7: 0.33333333 | H7: =E7-F7 -> 0.021539352 | J7: SZ
A8: Kovács Anna | B8: 46149 | C8: 0.37554398 | D8: 0.69037037 | E8: =D8-C8 -> 0.31482639 | F8: 0.33333333 | G8: 0.33333333 | H8: =E8-F8 -> -0.018506944 | J8: CS
A9: Kovács Anna | B9: 46150 | C9: 0.33386574 | D9: 0.56428241 | E9: =D9-C9 -> 0.23041667 | F9: 0.22916667 | G9: 0.33333333 | H9: =E9-F9 -> 0.00125 | J9: P
A10: Kovács Anna | B10: 46153 | C10: 0.3350463 | D10: 0.75001157 | E10: =D10-C10 -> 0.41496528 | F10: 0.41666667 | G10: 0.33333333 | H10: =E10-F10 -> -0.0017013889 | J10: H
A11: Kovács Anna | B11: 46154 | C11: 0.32483796 | D11: 0.66674769 | E11: =D11-C11 -> 0.34190972 | F11: 0.33333333 | G11: 0.33333333 | H11: =E11-F11 -> 0.0085763889 | J11: K
A12: Kovács Anna | B12: 46155 | C12: 0.30959491 | D12: 0.69447917 | E12: =D12-C12 -> 0.38488426 | F12: 0.35416667 | G12: 0.33333333 | H12: =E12-F12 -> 0.030717593 | J12: SZ
A13: Kovács Anna | B13: 46156 | C13: 0.33517361 | D13: 0.67261574 | E13: =D13-C13 -> 0.33744213 | F13: 0.33333333 | G13: 0.33333333 | H13: =E13-F13 -> 0.0041087963 | J13: CS
A14: Kovács Anna | B14: 46157 | C14: 0.33300926 | D14: 0.50203704 | E14: =D14-C14 -> 0.16902778 | F14: 0.22916667 | G14: 0.33333333 | H14: =E14-F14 -> -0.060138889 | J14: P
A15: Kovács Anna | B15: 46160 | C15: 0.3325 | D15: 0.75305556 | E15: =D15-C15 -> 0.42055556 | F15: 0.41666667 | G15: 0.33333333 | H15: =E15-F15 -> 0.0038888889 | J15: H
A16: Kovács Anna | B16: 46161 | C16: 0.33788194 | D16: 0.6791088 | E16: =D16-C16 -> 0.34122685 | F16: 0.33333333 | G16: 0.33333333 | H16: =E16-F16 -> 0.0078935185 | J16: K
A17: Kovács Anna | B17: 46162 | C17: 0.32815972 | D17: 0.69260417 | E17: =D17-C17 -> 0.36444444 | F17: 0.35416667 | G17: 0.33333333 | H17: =E17-F17 -> 0.010277778 | J17: SZ
A18: Kovács Anna | B18: 46163 | C18: 0.33510417 | D18: 0.67366898 | E18: =D18-C18 -> 0.33856481 | F18: 0.33333333 | G18: 0.33333333 | H18: =E18-F18 -> 0.0052314815 | J18: CS
A19: Kovács Anna | B19: 46164 | C19: 0.33725694 | D19: 0.57186343 | E19: =D19-C19 -> 0.23460648 | F19: 0.22916667 | G19: 0.33333333 | H19: =E19-F19 -> 0.0054398148 | J19: P
A20: Kovács Anna | B20: 46167 | H20: =E20-F20 -> 0 | J20: H | K20: PÜNKÖSD
A21: Kovács Anna | B21: 46168 | C21: 0.30545139 | D21: 0.62788194 | E21: =D21-C21 -> 0.32243056 | F21: 0.33333333 | G21: 0.33333333 | H21: =E21-F21 -> -0.010902778 | J21: K
A22: Kovács Anna | B22: 46169 | C22: 0.31221065 | D22: 0.628125 | E22: =D22-C22 -> 0.31591435 | F22: 0.35416667 | G22: 0.33333333 | H22: =E22-F22 -> -0.038252315 | J22: SZ
A23: Kovács Anna | B23: 46170 | C23: 0.33333333 | D23: 0.66666667 | E23: =D23-C23 -> 0.33333333 | F23: 0.33333333 | G23: 0.33333333 | H23: =E23-F23 -> 0 | J23: CS
A24: Kovács Anna | B24: 46171 | C24: 0.33333333 | D24: 0.5625 | E24: =D24-C24 -> 0.22916667 | F24: 0.22916667 | G24: 0.33333333 | H24: =E24-F24 -> 0 | J24: P | K24: szabadság
A25: összesen | E25: =SUM(E4:E24) -> 6.2170486 | F25: =SUM(F4:F24) -> 6.25 | G25: =SUM(G4:G24) -> 6.3333333 | H25: =SUM(H4:H24) -> -0.032951389
A26: összesen előzővel | H26: =H25+'2026. 04.'!H27 -> 0.05150463

Sheet 2026. 06.
A1: Összevont blokkolások | E1: kimutatás | N1: nap | O1: rendes midő óra | P1: rendes midő | Q1: helyette óra | R1: helyette midő (nincs jegyzői, Kata OK)
A2: A lista 2026-06-01-tól 2026-06-30-ig tartalmaz adatokat. Eltérés lehetséges a valós blokkolás és a lista között! | N2: H | O2: 0.41666667 | P2: 8:00-18:00 | Q2: 0.375 | R2: 8:00-17:00
A3: Név | B3: Dátum | C3: Érkezés | D3: Távozás | E3: összesen óra | F3: kell (napi szerint) | G3: kell (mnap szerint) | H3: plusz/mínusz napihoz képest | J3: mnap | K3: midő végéhez képest + | L3: miért | N3: K | O3: 0.33333333 | P3: 8:00-16:00 | Q3: 0.35416667 | R3: 8:00-16:30
A4: Kovács Anna | B4: 46174 | C4: 0.33333333 | D4: 0.75 | E4: =D4-C4 -> 0.41666667 | F4: 0.41666667 | G4: 0.33333333 | H4: =E4-F4 -> 0 | J4: H | L4: SZABADSÁG | N4: SZ | O4: 0.35416667 | P4: 8:00-16:30 | Q4: 0.35416667 | R4: 8:00-16:30
A5: Kovács Anna | B5: 46175 | C5: 0.32907407 | D5: 0.67334491 | E5: =D5-C5 -> 0.34427083 | F5: 0.33333333 | G5: 0.33333333 | H5: =E5-F5 -> 0.0109375 | J5: K | N5: CS | O5: 0.33333333 | P5: 8:00-16:00 | Q5: 0.35416667 | R5: 8:00-16:30
A6: Kovács Anna | B6: 46176 | C6: 0.32983796 | D6: 0.69243056 | E6: =D6-C6 -> 0.36259259 | F6: 0.35416667 | G6: 0.33333333 | H6: =E6-F6 -> 0.0084259259 | J6: SZ | N6: P | O6: 0.22916667 | P6: 8:00-13:30 | Q6: 0.22916667 | R6: 8:00-13:30
A7: Kovács Anna | B7: 46177 | C7: 0.32978009 | D7: 0.67333333 | E7: =D7-C7 -> 0.34355324 | F7: 0.33333333 | G7: 0.33333333 | H7: =E7-F7 -> 0.010219907 | J7: CS
A8: Kovács Anna | B8: 46178 | C8: 0.33200231 | D8: 0.5625 | E8: =D8-C8 -> 0.23049769 | F8: 0.22916667 | G8: 0.33333333 | H8: =E8-F8 -> 0.0013310185 | J8: P
A9: Kovács Anna | B9: 46181 | C9: 0.30625 | D9: 0.75216435 | E9: =D9-C9 -> 0.44591435 | F9: 0.41666667 | G9: 0.33333333 | H9: =E9-F9 -> 0.029247685 | J9: H
A10: Kovács Anna | B10: 46182 | C10: 0.32625 | D10: 0.66670139 | E10: =D10-C10 -> 0.34045139 | F10: 0.33333333 | G10: 0.33333333 | H10: =E10-F10 -> 0.0071180556 | J10: K
A11: Kovács Anna | B11: 46183 | C11: 0.33724537 | D11: 0.70493056 | E11: =D11-C11 -> 0.36768519 | F11: 0.35416667 | G11: 0.33333333 | H11: =E11-F11 -> 0.013518519 | J11: SZ
A12: Kovács Anna | B12: 2026-0611 | C12: 0.33258102 | D12: 0.66666667 | E12: =D12-C12 -> 0.33408565 | F12: 0.33333333 | G12: 0.33333333 | H12: =E12-F12 -> 0.00075231481 | J12: CS
A13: Kovács Anna | B13: 46185 | C13: 0.33391204 | D13: 0.56359954 | E13: =D13-C13 -> 0.2296875 | F13: 0.22916667 | G13: 0.33333333 | H13: =E13-F13 -> 0.00052083333 | J13: P
A14: Kovács Anna | B14: 46188 | C14: 0.33582176 | D14: 0.75351852 | E14: =D14-C14 -> 0.41769676 | F14: 0.41666667 | G14: 0.33333333 | H14: =E14-F14 -> 0.0010300926 | J14: H
A15: Kovács Anna | B15: 46189 | C15: 0.32642361 | D15: 0.69332176 | E15: =D15-C15 -> 0.36689815 | F15: 0.33333333 | G15: 0.33333333 | H15: =E15-F15 -> 0.033564815 | J15: K
A16: Kovács Anna | B16: 46190 | C16: 0.32719907 | D16: 0.69659722 | E16: =D16-C16 -> 0.36939815 | F16: 0.35416667 | G16: 0.33333333 | H16: =E16-F16 -> 0.015231481 | J16: SZ
A17: Kovács Anna | B17: 46191 | C17: 0.31952546 | D17: 0.66931713 | E17: =D17-C17 -> 0.34979167 | F17: 0.33333333 | G17: 0.33333333 | H17: =E17-F17 -> 0.016458333 | J17: CS
A18: Kovács Anna | B18: 46192 | C18: 0.32841435 | D18: 0.5633912 | E18: =D18-C18 -> 0.23497685 | F18: 0.22916667 | G18: 0.33333333 | H18: =E18-F18 -> 0.0058101852 | J18: P
A19: Kovács Anna | B19: 46195 | C19: 0.32763889 | D19: 0.75277778 | E19: =D19-C19 -> 0.42513889 | F19: 0.41666667 | G19: 0.33333333 | H19: =E19-F19 -> 0.0084722222 | J19: H
A20: Kovács Anna | B20: 46196 | C20: 0.32258102 | D20: 0.65712963 | E20: =D20-C20 -> 0.33454861 | F20: 0.33333333 | G20: 0.33333333 | H20: =E20-F20 -> 0.0012152778 | J20: K
A21: Kovács Anna | B21: 46197 | C21: 0.32708333 | D21: 0.73340278 | E21: =D21-C21 -> 0.40631944 | F21: 0.35416667 | G21: 0.33333333 | H21: =E21-F21 -> 0.052152778 | J21: SZ
A22: Kovács Anna | B22: 46198 | C22: 0.32972222 | D22: 0.67831019 | E22: =D22-C22 -> 0.34858796 | F22: 0.33333333 | G22: 0.33333333 | H22: =E22-F22 -> 0.01525463 | J22: CS
A23: Kovács Anna | B23: 46199 | C23: 0.32344907 | D23: 0.55680556 | E23: =D23-C23 -> 0.23335648 | F23: 0.22916667 | G23: 0.33333333 | H23: =E23-F23 -> 0.0041898148 | J23: P
A24: Kovács Anna | B24: 46202 | C24: 0.33333333 | D24: 0.75 | E24: =D24-C24 -> 0.41666667 | F24: 0.41666667 | G24: 0.33333333 | H24: =E24-F24 -> 0 | J24: H | L24: HO
A25: Kovács Anna | B25: 46203 | C25: 0.33333333 | D25: 0.66666667 | E25: =D25-C25 -> 0.33333333 | F25: 0.33333333 | G25: 0.33333333 | H25: =E25-F25 -> 0 | J25: K | L25: HO
A26: összesen | E26: =SUM(E4:E25) -> 7.6521181 | F26: =SUM(F4:F25) -> 7.4166667 | G26: =SUM(G4:G25) -> 7.3333333 | H26: =SUM(H4:H25) -> 0.23545139
A27: összesen előzővel | H27: =H26+'2026.05'!H26 -> 0.28695602

Sheet 2026. 07.
A1: Összevont blokkolások | E1: kimutatás | N1: nap | O1: rendes midő óra | P1: rendes midő | Q1: helyette óra | R1: helyette midő (nincs jegyzői, Kata OK)
A2: A lista 2026-07-01-tól 2026-07-31-ig tartalmaz adatokat. Eltérés lehetséges a valós blokkolás és a lista között! | N2: H | O2: 0.41666667 | P2: 8:00-18:00 | Q2: 0.375 | R2: 8:00-17:00
A3: Név | B3: Dátum | C3: Érkezés | D3: Távozás | E3: összesen óra | F3: kell (napi szerint) | G3: kell (mnap szerint) | H3: plusz/mínusz napihoz képest | J3: mnap | K3: midő végéhez képest + | L3: miért | N3: K | O3: 0.33333333 | P3: 8:00-16:00 | Q3: 0.35416667 | R3: 8:00-16:30
A4: Kovács Anna | B4: 46204 | C4: 0.33333333 | D4: 0.6875 | E4: =D4-C4 -> 0.35416667 | F4: 0 | G4: 0 | H4: =E4-F4 -> 0.35416667 | J4: SZ | N4: SZ | O4: 0.35416667 | P4: 8:00-16:30 | Q4: 0.35416667 | R4: 8:00-16:30
A5: Kovács Anna | B5: 46205 | C5: 0.33333333 | D5: 0.66666667 | E5: =D5-C5 -> 0.33333333 | F5: 0.33333333 | G5: 0.33333333 | H5: =E5-F5 -> 0 | J5: CS | N5: CS | O5: 0.33333333 | P5: 8:00-16:00 | Q5: 0.35416667 | R5: 8:00-16:30
A6: Kovács Anna | B6: 46206 | C6: 0.33333333 | D6: 0.5625 | E6: =D6-C6 -> 0.22916667 | F6: 0.22916667 | G6: 0.22916667 | H6: =E6-F6 -> 0 | J6: p | N6: P | O6: 0.22916667 | P6: 8:00-13:30 | Q6: 0.22916667 | R6: 8:00-13:30
A7: Kovács Anna | B7: 46209 | C7: 0.33236111 | D7: 0.75266204 | E7: =D7-C7 -> 0.42030093 | F7: 0.41666667 | G7: 0.33333333 | H7: =E7-F7 -> 0.0036342593 | J7: H
A8: Kovács Anna | B8: 46210 | C8: 0.33195602 | D8: 0.66668981 | E8: =D8-C8 -> 0.3347338 | F8: 0.33333333 | G8: 0.33333333 | H8: =E8-F8 -> 0.001400463 | J8: K
A9: Kovács Anna | B9: 46211 | C9: 0.33025463 | D9: 0.68939815 | E9: =D9-C9 -> 0.35914352 | F9: 0.35416667 | G9: 0.33333333 | H9: =E9-F9 -> 0.0049768519 | J9: SZ
A10: Kovács Anna | B10: 46212 | C10: 0.33328704 | D10: 0.66921296 | E10: =D10-C10 -> 0.33592593 | F10: 0.33333333 | G10: 0.33333333 | H10: =E10-F10 -> 0.0025925926 | J10: CS
A11: Kovács Anna | B11: 46213 | C11: 0.33243056 | D11: 0.5690625 | E11: =D11-C11 -> 0.23663194 | F11: 0.22916667 | G11: 0.33333333 | H11: =E11-F11 -> 0.0074652778 | J11: P
A12: Kovács Anna | B12: 46216 | C12: 0.33236111 | D12: 0.75266204 | E12: =D12-C12 -> 0.42030093 | F12: 0.41666667 | G12: 0.33333333 | H12: =E12-F12 -> 0.0036342593 | J12: H
A13: Kovács Anna | B13: 46217 | C13: 0.33085648 | D13: 0.66943287 | E13: =D13-C13 -> 0.33857639 | F13: 0.33333333 | G13: 0.33333333 | H13: =E13-F13 -> 0.0052430556 | J13: K
A14: Kovács Anna | B14: 46218 | C14: 0.33333333 | D14: 0.69162037 | E14: =D14-C14 -> 0.35828704 | F14: 0.35416667 | G14: 0.33333333 | H14: =E14-F14 -> 0.0041203704 | J14: SZ
A15: Kovács Anna | B15: 46219 | C15: 0.33333333 | D15: 0.67087963 | E15: =D15-C15 -> 0.3375463 | F15: 0.33333333 | G15: 0.33333333 | H15: =E15-F15 -> 0.004212963 | J15: CS
A16: Kovács Anna | B16: 46220 | C16: 0.32832176 | D16: 0.56462963 | E16: =D16-C16 -> 0.23630787 | F16: 0.22916667 | G16: 0.33333333 | H16: =E16-F16 -> 0.0071412037 | J16: P
A17: Kovács Anna | B17: 46223 | C17: 0.33236111 | D17: 0.75266204 | E17: =D17-C17 -> 0.42030093 | F17: 0.41666667 | G17: 0.33333333 | H17: =E17-F17 -> 0.0036342593 | J17: H
A18: Kovács Anna | B18: 46224 | C18: 0.33137731 | D18: 0.66762731 | E18: =D18-C18 -> 0.33625 | F18: 0.33333333 | G18: 0.33333333 | H18: =E18-F18 -> 0.0029166667 | J18: K
... A21: Kovács Anna | B21: 46227 | C21: 0.32013889 | D21: 0.57325231 | E21: =D21-C21 -> 0.25311343 | F21: 0.22916667 | G21: 0.33333333 | H21: =E21-F21 -> 0.023946759 | J21: P
A22: Kovács Anna | B22: 46230 | C22: 0.31321759 | D22: 0.70888889 | E22: 0 | F22: 0.41666667 | G22: 0.33333333 | H22: -0.41666667 | J22: H
A23: Kovács Anna | B23: 46231 | C23: 0.33196759 | D23: 0.66710648 | E23: =D23-C23 -> 0.33513889 | F23: 0.33333333 | G23: 0.33333333 | H23: =E23-F23 -> 0.0018055556 | J23: K
A24: Kovács Anna | B24: 46232 | C24: 0.32377315 | D24: 0.67042824 | E24: =D24-C24 -> 0.34665509 | F24: 0.35416667 | G24: 0.33333333 | H24: =E24-F24 -> -0.0075115741 | J24: SZ
A25: Kovács Anna | B25: 46233 | C25: 0.32994213 | D25: 0.68113426 | E25: =D25-C25 -> 0.35119213 | F25: 0.33333333 | G25: 0.33333333 | H25: =E25-F25 -> 0.017858796 | J25: CS
A26: Kovács Anna | B26: 46234 | C26: 0.32703704 | D26: 0.52744213 | E26: =D26-C26 -> 0.20040509 | F26: 0.22916667 | G26: 0.33333333 | H26: =E26-F26 -> -0.028761574 | J26: P
A27: összesen | E27: =SUM(E4:E25) -> 7.0506019 | F27: =SUM(F4:F25) -> 7 | G27: =SUM(G4:G25) -> 6.8958333 | H27: =SUM(H4:H25) -> 0.050601852
A28: összesen előzővel | H28: =H27+'[1]2026.06'!H27 -> #REF!

Sheet 2026. 08. 
A1: Összevont blokkolások | E1: kimutatás | N1: nap | O1: rendes midő óra | P1: rendes midő | Q1: helyette óra | R1: helyette midő (nincs jegyzői, Kata OK)
A2: A lista 2026-08-01-tól 2026-06-30-ig tartalmaz adatokat. Eltérés lehetséges a valós blokkolás és a lista között! | N2: H | O2: 0.41666667 | P2: 8:00-18:00 | Q2: 0.375 | R2: 8:00-17:00
A3: Név | B3: Dátum | C3: Érkezés | D3: Távozás | E3: összesen óra | F3: kell (napi szerint) | G3: kell (mnap szerint) | H3: plusz/mínusz napihoz képest | J3: mnap | K3: midő végéhez képest + | L3: miért | N3: K | O3: 0.33333333 | P3: 8:00-16:00 | Q3: 0.35416667 | R3: 8:00-16:30
A4: Kovács Anna | B4: 46237 | C4: 0.33333333 | D4: 0.75 | E4: =D4-C4 -> 0.41666667 | F4: 0.41666667 | G4: 0.33333333 | H4: =E4-F4 -> 0 | J4: H | N4: SZ | O4: 0.35416667 | P4: 8:00-16:30 | Q4: 0.35416667 | R4: 8:00-16:30
A5: Kovács Anna | B5: 46238 | C5: 0.33333333 | D5: 0.66666667 | E5: =D5-C5 -> 0.33333333 | F5: 0.33333333 | G5: 0.33333333 | H5: =E5-F5 -> 0 | J5: K | N5: CS | O5: 0.33333333 | P5: 8:00-16:00 | Q5: 0.35416667 | R5: 8:00-16:30
A6: Kovács Anna | B6: 46239 | C6: 0.32273148 | D6: 0.50689815 | E6: =D6-C6 -> 0.18416667 | F6: 0.35416667 | G6: 0.33333333 | H6: =E6-F6 -> -0.17 | J6: SZ | N6: P | O6: 0.22916667 | P6: 8:00-13:30 | Q6: 0.22916667 | R6: 8:00-13:30
A7: Kovács Anna | B7: 46240 | E7: =D7-C7 -> 0 | F7: 0.33333333 | G7: 0.33333333 | H7: =E7-F7 -> -0.33333333 | J7: CS
A8: Kovács Anna | B8: 46241 | E8: =D8-C8 -> 0 | F8: 0.22916667 | G8: 0.33333333 | H8: =E8-F8 -> -0.22916667 | J8: P
A9: Kovács Anna | B9: 46244 | C9: 0.33333333 | D9: 0.75 | E9: =D9-C9 -> 0.41666667 | F9: 0.41666667 | G9: 0.33333333 | H9: =E9-F9 -> 0 | J9: H
A10: Kovács Anna | B10: 46245 | C10: 0.33072917 | D10: 0.66670139 | E10: =D10-C10 -> 0.33597222 | F10: 0.33333333 | G10: 0.33333333 | H10: =E10-F10 -> 0.0026388889 | J10: K
A11: Kovács Anna | B11: 46246 | C11: 0.32111111 | D11: 0.66836806 | E11: =D11-C11 -> 0.34725694 | F11: 0.35416667 | G11: 0.33333333 | H11: =E11-F11 -> -0.0069097222 | J11: SZ
A12: Kovács Anna | B12: 46247 | C12: 0.33049769 | D12: 0.69800926 | E12: =D12-C12 -> 0.36751157 | F12: 0.33333333 | G12: 0.33333333 | H12: =E12-F12 -> 0.034178241 | J12: CS
A13: Kovács Anna | B13: 46248 | C13: 0.3291088 | D13: 0.56731481 | E13: =D13-C13 -> 0.23820602 | F13: 0.22916667 | G13: 0.33333333 | H13: =E13-F13 -> 0.0090393519 | J13: P
A14: Kovács Anna | B14: 46251 | C14: 0.33333333 | D14: 0.75 | E14: =D14-C14 -> 0.41666667 | F14: 0.41666667 | G14: 0.33333333 | H14: =E14-F14 -> 0 | J14: H
A15: Kovács Anna | B15: 46252 | C15: 0.33333333 | D15: 0.66666667 | E15: =D15-C15 -> 0.33333333 | F15: 0.33333333 | G15: 0.33333333 | H15: =E15-F15 -> 0 | J15: K
A16: Kovács Anna | B16: 46253 | C16: 0.33333333 | D16: 0.6875 | E16: =D16-C16 -> 0.35416667 | F16: 0.35416667 | G16: 0.33333333 | H16: =E16-F16 -> 0 | J16: SZ
A17: Kovács Anna | B17: 46258 | C17: 0.33333333 | D17: 0.75 | E17: =D17-C17 -> 0.41666667 | F17: 0.41666667 | G17: 0.33333333 | H17: =E17-F17 -> 0 | J17: H
A18: Kovács Anna | B18: 46259 | C18: 0.33333333 | D18: 0.66666667 | E18: =D18-C18 -> 0.33333333 | F18: 0.33333333 | G18: 0.33333333 | H18: =E18-F18 -> 0 | J18: K
A19: Kovács Anna | B19: 46260 | C19: 0.33217593 | D19: 0.68173611 | E19: =D19-C19 -> 0.34956019 | F19: 0.35416667 | G19: 0.33333333 | H19: =E19-F19 -> -0.0046064815 | J19: SZ
A20: Kovács Anna | B20: 46261 | C20: 0.32892361 | D20: 0.68184028 | E20: =D20-C20 -> 0.35291667 | F20: 0.33333333 | G20: 0.33333333 | H20: =E20-F20 -> 0.019583333 | J20: CS
... A22: Kovács Anna | B22: 46265 | C22: 0.33056713 | D22: 0.73050926 | E22: =D22-C22 -> 0.39994213 | F22: 0.41666667 | G22: 0.33333333 | H22: =E22-F22 -> -0.016724537 | J22: H
A23: összesen előzővel | H23: =H22+'2026.05'!H23 -> -0.016724537 | L23: HO
